weight,some of,Normalized
0.398141656,TRUE,TRUE
0.398569525,TRUE,TRUE
0.203288819,FALSE,TRUE
0.900848218,TRUE,TRUE
0.066622232,FALSE,TRUE
0.03252955,FALSE,TRUE
0.021376196,FALSE,TRUE
0.978623804,TRUE,TRUE
0.849838248,FALSE,TRUE
0.150161752,FALSE,TRUE
0.554117417,TRUE,TRUE
0.445882583,FALSE,TRUE
0.030606934,FALSE,TRUE
0.969393066,TRUE,TRUE
0.579034025,TRUE,TRUE
0.420965975,FALSE,TRUE
0.847818454,FALSE,TRUE
0.152181546,FALSE,TRUE
0.969515304,FALSE,TRUE
0.030484696,FALSE,TRUE
0.593041867,FALSE,TRUE
0.406958133,FALSE,TRUE
0.489747465,FALSE,TRUE
0.510252535,TRUE,TRUE
0.508751343,TRUE,TRUE
0.491248657,TRUE,TRUE
0.975496069,TRUE,TRUE
0.024503931,FALSE,TRUE
0.438929549,FALSE,TRUE
0.561070451,FALSE,TRUE
0.330158734,FALSE,TRUE
0.669841266,TRUE,TRUE
0.131503954,FALSE,TRUE
0.868496046,TRUE,TRUE
0.900883171,FALSE,TRUE
0.099116829,FALSE,TRUE
0.170387135,FALSE,TRUE
0.48652251,TRUE,TRUE
0.343090356,TRUE,TRUE
0.44593341,FALSE,TRUE
0.55406659,TRUE,TRUE
0.499639393,TRUE,TRUE
0.500360607,TRUE,TRUE
0.484194825,FALSE,TRUE
0.515805175,TRUE,TRUE
0.683299857,FALSE,TRUE
0.316700143,FALSE,TRUE
0.011568853,FALSE,TRUE
0.988431147,TRUE,TRUE
0.499938253,TRUE,TRUE
0.500061747,TRUE,TRUE
0.501571142,FALSE,TRUE
0.498428858,FALSE,TRUE
0.499703322,TRUE,TRUE
0.500296678,FALSE,TRUE
0.861684768,TRUE,TRUE
0.138315232,FALSE,TRUE
0.052460876,FALSE,TRUE
0.947539124,FALSE,TRUE
0.499061931,FALSE,TRUE
0.500938069,FALSE,TRUE
0.010872408,FALSE,TRUE
0.989127592,TRUE,TRUE
0.597899333,TRUE,TRUE
0.402100667,FALSE,TRUE
0.330956273,FALSE,TRUE
0.319906359,FALSE,TRUE
0.349137368,FALSE,TRUE
0.499911126,TRUE,TRUE
0.500088874,TRUE,TRUE
0.016571095,FALSE,TRUE
0.983428905,TRUE,TRUE
0.486867923,FALSE,TRUE
0.513132077,TRUE,TRUE
0.501303327,TRUE,TRUE
0.498696673,FALSE,TRUE
0.538036562,FALSE,TRUE
0.461963438,FALSE,TRUE
0.016501992,TRUE,TRUE
0.983498008,TRUE,TRUE
0.518193326,FALSE,TRUE
0.481806674,FALSE,TRUE
0.987524588,FALSE,TRUE
0.012475412,FALSE,TRUE
0.499925455,TRUE,TRUE
0.500074545,TRUE,TRUE
0.407607098,FALSE,TRUE
0.036033663,FALSE,TRUE
0.556359238,FALSE,TRUE
0.411899336,FALSE,TRUE
0.588100664,TRUE,TRUE
0.986805257,FALSE,TRUE
0.013194743,FALSE,TRUE
0.030976239,FALSE,TRUE
0.969023761,TRUE,TRUE
0.661865312,TRUE,TRUE
0.338134688,FALSE,TRUE
0.50108339,TRUE,TRUE
0.49891661,FALSE,TRUE
0.579472467,FALSE,TRUE
0.420527533,FALSE,TRUE
0.465555463,TRUE,TRUE
0.534444537,TRUE,TRUE
0.017747397,FALSE,TRUE
0.03349608,FALSE,TRUE
0.948756524,TRUE,TRUE
0.042298055,FALSE,TRUE
0.957701945,FALSE,TRUE
0.502667213,TRUE,TRUE
0.497332787,FALSE,TRUE
0.969337363,FALSE,TRUE
0.030662637,FALSE,TRUE
0.692096802,FALSE,TRUE
0.307903198,FALSE,TRUE
0.034530873,FALSE,TRUE
0.965469127,FALSE,TRUE
0.94846276,TRUE,TRUE
0.05153724,FALSE,TRUE
0.481516603,FALSE,TRUE
0.518483397,FALSE,TRUE
0.480362092,FALSE,TRUE
0.519637908,FALSE,TRUE
0.500383919,TRUE,TRUE
0.499616081,TRUE,TRUE
0.036223187,FALSE,TRUE
0.963776813,TRUE,TRUE
0.5000514,TRUE,TRUE
0.4999486,TRUE,TRUE
0.985710253,TRUE,TRUE
0.014289747,FALSE,TRUE
0.231444806,FALSE,TRUE
0.383738322,TRUE,TRUE
0.384816873,TRUE,TRUE
0.613580448,TRUE,TRUE
0.386419552,TRUE,TRUE
0.614219068,TRUE,TRUE
0.385780932,TRUE,TRUE
0.49480742,FALSE,TRUE
0.50519258,TRUE,TRUE
0.634231645,FALSE,TRUE
0.365768355,FALSE,TRUE
0.992336599,TRUE,TRUE
0.007663401,FALSE,TRUE
0.985509094,FALSE,TRUE
0.014490906,FALSE,TRUE
0.497424921,FALSE,TRUE
0.498616913,FALSE,TRUE
0.003958166,FALSE,TRUE
0.501597878,FALSE,TRUE
0.498402122,FALSE,TRUE
0.981423892,FALSE,TRUE
0.009330301,FALSE,TRUE
0.009245807,FALSE,TRUE
0.787569491,FALSE,TRUE
0.212430509,FALSE,TRUE
0.495462593,FALSE,TRUE
0.504537407,FALSE,TRUE
0.504149182,TRUE,TRUE
0.495850818,FALSE,TRUE
0.335628023,TRUE,TRUE
0.334013426,TRUE,TRUE
0.330358551,TRUE,TRUE
0.07612413,FALSE,TRUE
0.92387587,TRUE,TRUE
0.992343638,TRUE,TRUE
0.007656362,FALSE,TRUE
0.49988174,TRUE,TRUE
0.494349305,FALSE,TRUE
0.005768955,FALSE,TRUE
0.502077651,TRUE,TRUE
0.497922349,TRUE,TRUE
0.14931665,FALSE,TRUE
0.85068335,FALSE,TRUE
0.500909903,TRUE,TRUE
0.499090097,TRUE,TRUE
0.50092056,TRUE,TRUE
0.49907944,TRUE,TRUE
0.307509217,FALSE,TRUE
0.341086883,TRUE,TRUE
0.3514039,TRUE,TRUE
0.418004859,TRUE,TRUE
0.377773657,FALSE,TRUE
0.204221484,FALSE,TRUE
0.155980113,FALSE,TRUE
0.844019887,TRUE,TRUE
0.057375581,FALSE,TRUE
0.942624419,TRUE,TRUE
0.33752339,FALSE,TRUE
0.66247661,FALSE,TRUE
0.625677687,FALSE,TRUE
0.374322313,FALSE,TRUE
0.111916498,FALSE,TRUE
0.888083502,FALSE,TRUE
0.801098065,TRUE,TRUE
0.081114618,FALSE,TRUE
0.117787317,FALSE,TRUE
0.500274966,FALSE,TRUE
0.499725034,FALSE,TRUE
0.310826951,FALSE,TRUE
0.689173049,TRUE,TRUE
0.075242184,FALSE,TRUE
0.924757816,TRUE,TRUE
0.495774151,TRUE,TRUE
0.504225849,TRUE,TRUE
0.500388602,TRUE,TRUE
0.499611398,TRUE,TRUE
0.499481328,TRUE,TRUE
0.500518672,TRUE,TRUE
0.129029636,FALSE,TRUE
0.870970364,TRUE,TRUE
0.356330763,TRUE,TRUE
0.343197797,FALSE,TRUE
0.30047144,FALSE,TRUE
0.336863668,TRUE,TRUE
0.338271976,TRUE,TRUE
0.324864356,FALSE,TRUE
0.228492664,FALSE,TRUE
0.771507336,FALSE,TRUE
0.233600757,FALSE,TRUE
0.69153857,FALSE,TRUE
0.074860673,FALSE,TRUE
0.014131269,FALSE,TRUE
0.985868731,TRUE,TRUE
0.564432261,TRUE,TRUE
0.435567739,FALSE,TRUE
0.470965071,FALSE,TRUE
0.529034929,FALSE,TRUE
0.508993475,FALSE,TRUE
0.491006525,FALSE,TRUE
0.486346245,FALSE,TRUE
0.513653755,TRUE,TRUE
0.991210761,TRUE,TRUE
0.008789239,FALSE,TRUE
0.890844294,FALSE,TRUE
0.109155706,FALSE,TRUE
0.675246795,TRUE,TRUE
0.324753205,FALSE,TRUE
0.096800296,FALSE,TRUE
0.903199704,TRUE,TRUE
0.983242107,FALSE,TRUE
0.008403269,FALSE,TRUE
0.008354625,FALSE,TRUE
0.24141052,FALSE,TRUE
0.75858948,FALSE,TRUE
0.502180739,TRUE,TRUE
0.497819261,TRUE,TRUE
0.231832661,FALSE,TRUE
0.768167339,TRUE,TRUE
0.991511563,TRUE,TRUE
0.008488437,FALSE,TRUE
0.984671329,TRUE,TRUE
0.015328671,FALSE,TRUE
0.500963398,TRUE,TRUE
0.499036602,TRUE,TRUE
0.497828334,TRUE,TRUE
0.480195655,TRUE,TRUE
0.021976011,TRUE,TRUE
0.767341029,FALSE,TRUE
0.0943877,FALSE,TRUE
0.138271271,FALSE,TRUE
0.505577044,TRUE,TRUE
0.494422956,TRUE,TRUE
0.027933203,FALSE,TRUE
0.972066797,TRUE,TRUE
0.505325012,TRUE,TRUE
0.494674988,FALSE,TRUE
0.56405837,FALSE,TRUE
0.43594163,FALSE,TRUE
0.006157843,FALSE,FALSE
0.062895544,TRUE,FALSE
0.062963136,TRUE,FALSE
0.0321141,FALSE,FALSE
0.07547126,TRUE,FALSE
0.005581477,FALSE,FALSE
0.002725261,FALSE,FALSE
0.167587489,TRUE,FALSE
0.128319263,TRUE,FALSE
0.003647087,FALSE,FALSE
0.166967303,TRUE,FALSE
0.094630107,TRUE,FALSE
0.046586201,TRUE,FALSE
0.106923304,TRUE,FALSE
0.083740227,TRUE,FALSE
0.084467515,TRUE,FALSE
0.084954374,TRUE,FALSE
0.13108553,TRUE,FALSE
0.086533375,TRUE,FALSE
0.017686686,FALSE,FALSE
0.00312514,FALSE,FALSE
0.071541898,TRUE,FALSE
0.057567738,FALSE,FALSE
0.134820789,TRUE,FALSE
0.129015103,TRUE,FALSE
0.0975243,TRUE,FALSE
0.107692309,TRUE,FALSE
0.095202379,TRUE,FALSE
0.004681214,FALSE,FALSE
0.004364408,FALSE,FALSE
0.138230994,TRUE,FALSE
0.002779779,FALSE,FALSE
0.063377537,FALSE,FALSE
0.116331667,TRUE,FALSE
0.080715507,TRUE,FALSE
0.151423275,TRUE,FALSE
0.092973456,TRUE,FALSE
0.087813266,TRUE,FALSE
0.087550141,TRUE,FALSE
0.063650198,FALSE,FALSE
0.063708462,TRUE,FALSE
0.066946611,FALSE,FALSE
0.017591044,FALSE,FALSE
0.003157554,FALSE,FALSE
0.095621519,FALSE,FALSE
0.095392786,FALSE,FALSE
0.130715668,TRUE,FALSE
0.052915897,FALSE,FALSE
0.010702493,FALSE,FALSE
0.066363446,FALSE,FALSE
0.005464023,FALSE,FALSE
0.091301151,TRUE,FALSE
0.084520385,FALSE,FALSE
0.002657594,FALSE,FALSE
0.06250231,FALSE,FALSE
0.096679412,FALSE,FALSE
0.076619379,TRUE,FALSE
0.084923774,FALSE,FALSE
0.122080185,TRUE,FALSE
0.044334427,FALSE,FALSE
0.014789236,FALSE,FALSE
0.010148693,FALSE,FALSE
0.132701218,TRUE,FALSE
0.056448404,FALSE,FALSE
0.094620772,FALSE,FALSE
0.098582417,TRUE,FALSE
0.093736015,TRUE,FALSE
0.114529841,TRUE,FALSE
0.099241883,TRUE,FALSE
0.05099358,TRUE,FALSE
0.049239237,TRUE,FALSE
0.126534894,TRUE,FALSE
0.157882214,TRUE,FALSE
0.130319595,TRUE,FALSE
0.003273557,FALSE,FALSE
0.083596125,TRUE,FALSE
0.08663056,TRUE,FALSE
0.005729799,FALSE,FALSE
0.007324229,FALSE,FALSE
0.076643102,TRUE,FALSE
0.084409945,TRUE,FALSE
0.04963145,TRUE,FALSE
0.10268344,FALSE,FALSE
0.102002472,TRUE,FALSE
0.048908476,FALSE,FALSE
0.099227771,TRUE,FALSE
0.068169303,TRUE,FALSE
0.084521182,TRUE,FALSE
0.016572526,FALSE,FALSE
0.109450497,TRUE,FALSE
0.096457057,FALSE,FALSE
0.089693323,TRUE,FALSE
0.046454608,TRUE,FALSE
0.076118045,TRUE,FALSE
0.080470882,TRUE,FALSE
0.033991978,TRUE,FALSE
0.064906001,TRUE,FALSE
0.049597453,FALSE,FALSE
0.005456803,FALSE,FALSE
0.06948936,TRUE,FALSE
0.085636549,TRUE,FALSE
0.064791523,TRUE,FALSE
0.087378219,TRUE,FALSE
0.136428982,TRUE,FALSE
0.116440356,FALSE,FALSE
0.024091326,FALSE,FALSE
0.068790242,TRUE,FALSE
0.048510127,TRUE,FALSE
0.123587929,FALSE,FALSE
0.11186444,TRUE,FALSE
0.090320572,TRUE,FALSE
0.086842768,TRUE,FALSE
0.066102222,FALSE,FALSE
0.08213117,TRUE,FALSE
0.073119491,TRUE,FALSE
0.077038303,TRUE,FALSE
0.129219532,TRUE,FALSE
0.051022246,TRUE,FALSE
0.051095895,TRUE,FALSE
0.060144685,FALSE,FALSE
0.101308286,TRUE,FALSE
0.093323037,FALSE,FALSE
0.0966103,TRUE,FALSE
0.099856332,FALSE,FALSE
0.106375389,TRUE,FALSE
0.214993775,TRUE,FALSE
0.061709337,FALSE,FALSE
0.028601434,FALSE,FALSE
0.111826159,TRUE,FALSE
0.001779853,FALSE,FALSE
0.152068853,TRUE,FALSE
0.050023656,TRUE,FALSE
0.050036013,TRUE,FALSE
0.004277315,FALSE,FALSE
0.080876186,FALSE,FALSE
0.099179238,TRUE,FALSE
0.198434815,TRUE,FALSE
0.184548616,TRUE,FALSE
0.110160299,TRUE,FALSE
0.08811377,TRUE,FALSE
0.23921828,TRUE,FALSE
0.06692566,FALSE,FALSE
0.066506378,FALSE,FALSE
0.08225698,FALSE,FALSE
0.087655365,TRUE,FALSE
0.170417577,TRUE,FALSE
0.002860144,FALSE,FALSE
0.002010816,FALSE,FALSE
0.111181974,TRUE,FALSE
0.131751224,TRUE,FALSE
0.073153347,TRUE,FALSE
0.086155057,TRUE,FALSE
0.066460721,TRUE,FALSE
0.066539638,FALSE,FALSE
0.087359391,TRUE,FALSE
0.070468351,TRUE,FALSE
0.093918629,TRUE,FALSE
0.015075556,FALSE,FALSE
0.002053007,FALSE,FALSE
0.037081048,FALSE,FALSE
0.111162513,TRUE,FALSE
0.166632265,FALSE,FALSE
0.055278029,FALSE,FALSE
0.003226519,FALSE,FALSE
0.003238649,FALSE,FALSE
0.173795775,TRUE,FALSE
0.133352503,TRUE,FALSE
0.015302951,TRUE,FALSE
0.114907213,TRUE,FALSE
0.056004804,TRUE,FALSE
0.001414474,FALSE,FALSE
0.128683105,TRUE,FALSE
0.11968039,TRUE,FALSE
0.080989167,TRUE,FALSE
0.110073268,TRUE,FALSE
0.074026734,FALSE,FALSE
0.084316902,TRUE,FALSE
0.125472873,FALSE,FALSE
0.001542608,FALSE,FALSE
0.122438774,TRUE,FALSE
0.079627618,TRUE,FALSE
0.091285072,TRUE,FALSE
0.095379815,TRUE,FALSE
0.001762222,FALSE,FALSE
0.001703385,FALSE,FALSE
0.00185903,FALSE,FALSE
0.001707869,FALSE,FALSE
0.042621538,TRUE,FALSE
0.042636693,TRUE,FALSE
0.062142629,FALSE,FALSE
0.086848661,TRUE,FALSE
0.129351452,TRUE,FALSE
0.025865333,FALSE,FALSE
0.073030002,TRUE,FALSE
0.170541257,TRUE,FALSE
0.080597237,TRUE,FALSE
0.075591661,TRUE,FALSE
0.112118363,TRUE,FALSE
0.16411671,TRUE,FALSE
0.063753642,TRUE,FALSE
0.001291423,FALSE,FALSE
0.076640822,TRUE,FALSE
0.001185958,FALSE,FALSE
0.101190567,TRUE,FALSE
0.1227566,FALSE,FALSE
0.129378721,TRUE,FALSE
0.132922813,TRUE,FALSE
0.120581307,TRUE,FALSE
0.054029312,TRUE,FALSE
0.053748373,FALSE,FALSE
0.108401418,TRUE,FALSE
0.103662536,TRUE,FALSE
0.079668008,TRUE,FALSE
0.070850909,TRUE,FALSE
0.183928534,TRUE,FALSE
0.049719032,TRUE,FALSE
0.002492076,FALSE,FALSE
0.100643963,TRUE,FALSE
0.001183938,FALSE,FALSE
0.089942105,TRUE,FALSE
0.054797187,FALSE,FALSE
0.047049399,FALSE,FALSE
0.08434359,TRUE,FALSE
0.075440265,TRUE,FALSE
0.001085121,TRUE,FALSE
0.064671867,TRUE,FALSE
0.060818739,FALSE,FALSE
0.002397468,FALSE,FALSE
0.002229122,FALSE,FALSE
0.092659086,FALSE,FALSE
0.001170564,FALSE,FALSE
0.137297824,FALSE,FALSE
0.021396443,FALSE,FALSE
0.106001079,TRUE,FALSE
0.023819162,FALSE,FALSE
0.071060345,TRUE,FALSE
0.139207691,TRUE,FALSE
0.048879273,TRUE,FALSE
0.04889385,TRUE,FALSE
0.104406402,TRUE,FALSE
0.087518863,TRUE,FALSE
0.091749817,FALSE,FALSE
0.131198555,FALSE,FALSE
0.035002396,FALSE,FALSE
0.017191563,FALSE,FALSE
0.005580966,FALSE,FALSE
0.152687937,TRUE,FALSE
0.061992653,FALSE,FALSE
0.095358603,TRUE,FALSE
0.054438408,TRUE,FALSE
0.030758541,FALSE,FALSE
0.002719145,FALSE,FALSE
0.041983563,FALSE,FALSE
0.084550291,FALSE,FALSE
0.120719016,TRUE,FALSE
0.004265632,FALSE,FALSE
0.078263298,FALSE,FALSE
0.099024996,TRUE,FALSE
0.118660852,TRUE,FALSE
0.001296207,FALSE,FALSE
0.003368052,FALSE,FALSE
0.086574726,TRUE,FALSE
0.021666445,FALSE,FALSE
0.050317146,TRUE,FALSE
0.061601829,FALSE,FALSE
0.117849454,TRUE,FALSE
0.081219837,TRUE,FALSE
0.033923771,FALSE,FALSE
0.069724225,FALSE,FALSE
0.000932295,FALSE,FALSE
0.008003423,FALSE,FALSE
0.250369549,TRUE,FALSE
0.095774397,TRUE,FALSE
0.04892936,FALSE,FALSE
0.109733053,TRUE,FALSE
0.002758734,FALSE,FALSE
0.001817873,FALSE,FALSE
0.129679948,FALSE,FALSE
0.072626382,TRUE,FALSE
0.122671202,FALSE,FALSE
0.197435394,TRUE,FALSE
0.023555035,FALSE,FALSE
0.029162409,FALSE,FALSE
0.115610406,TRUE,FALSE
0.066922583,FALSE,FALSE
0.172036618,TRUE,FALSE
0.09872672,TRUE,FALSE
0.148251504,FALSE,FALSE
0.076392688,TRUE,FALSE
0.076062351,FALSE,FALSE
0.057877809,TRUE,FALSE
0.002203527,FALSE,FALSE
0.092634,TRUE,FALSE
0.141082689,TRUE,FALSE
0.1475676,TRUE,FALSE
0.086682126,TRUE,FALSE
0.05556006,TRUE,FALSE
0.004326801,FALSE,FALSE
0.008581243,FALSE,FALSE
0.006227472,FALSE,FALSE
0.069636129,TRUE,FALSE
0.108905897,TRUE,FALSE
0.119876593,TRUE,FALSE
0.050175861,FALSE,FALSE
0.169970408,TRUE,FALSE
0.079691537,TRUE,FALSE
0.076025113,TRUE,FALSE
0.087274686,TRUE,FALSE
0.108283378,TRUE,FALSE
0.119336732,TRUE,FALSE
0.099038661,TRUE,FALSE
0.006571022,FALSE,FALSE
0.002196599,FALSE,FALSE
0.004145817,FALSE,FALSE
0.117427796,TRUE,FALSE
0.097760178,TRUE,FALSE
0.141973898,TRUE,FALSE
0.075961292,TRUE,FALSE
0.001465436,FALSE,FALSE
0.033180028,FALSE,FALSE
0.082880564,TRUE,FALSE
0.082001016,FALSE,FALSE
0.152878717,TRUE,FALSE
0.133860871,TRUE,FALSE
0.042995781,FALSE,FALSE
0.001360067,FALSE,FALSE
0.002260358,FALSE,FALSE
0.001005598,FALSE,FALSE
0.073135331,FALSE,FALSE
0.042512059,FALSE,FALSE
0.004209882,FALSE,FALSE
0.117706574,FALSE,FALSE
0.045725361,FALSE,FALSE
0.084773876,TRUE,FALSE
0.139157027,TRUE,FALSE
0.075758472,FALSE,FALSE
0.143462762,TRUE,FALSE
0.00779543,FALSE,FALSE
0.147371992,TRUE,FALSE
0.001374553,FALSE,FALSE
0.06551069,TRUE,FALSE
0.065486282,TRUE,FALSE
0.056912884,FALSE,FALSE
0.061282177,FALSE,FALSE
0.057244483,FALSE,FALSE
0.06192496,FALSE,FALSE
0.002702254,FALSE,FALSE
0.113937162,TRUE,FALSE
0.091337763,TRUE,FALSE
0.067818895,TRUE,FALSE
0.064758502,TRUE,FALSE
0.09915185,TRUE,FALSE
0.098999701,TRUE,FALSE
0.00361752,FALSE,FALSE
0.096249998,TRUE,FALSE
0.001790318,FALSE,FALSE
0.048020519,TRUE,FALSE
0.048010647,TRUE,FALSE
0.037026886,FALSE,FALSE
0.084090091,TRUE,FALSE
0.001341546,FALSE,FALSE
0.177264035,TRUE,FALSE
0.064346276,FALSE,FALSE
0.152403697,TRUE,FALSE
0.132695422,TRUE,FALSE
0.123445675,TRUE,FALSE
0.141370282,TRUE,FALSE
0.05890872,TRUE,FALSE
0.000853994,FALSE,FALSE
0.032526184,FALSE,FALSE
0.053928811,TRUE,FALSE
0.054080386,TRUE,FALSE
0.137827098,TRUE,FALSE
0.086800493,TRUE,FALSE
0.139109373,TRUE,FALSE
0.087372318,TRUE,FALSE
0.093319654,TRUE,FALSE
0.106152274,FALSE,FALSE
0.108380228,TRUE,FALSE
0.0785449,TRUE,FALSE
0.118262984,TRUE,FALSE
0.102823637,TRUE,FALSE
0.151220128,TRUE,FALSE
0.100174792,TRUE,FALSE
0.014668229,FALSE,FALSE
0.105649896,FALSE,FALSE
0.001676738,FALSE,FALSE
0.000966993,FALSE,FALSE
0.110022858,TRUE,FALSE
0.104532495,TRUE,FALSE
0.000807261,FALSE,FALSE
0.101832353,TRUE,FALSE
0.042249832,FALSE,FALSE
0.000621241,FALSE,FALSE
0.000770239,FALSE,FALSE
0.141238809,TRUE,FALSE
0.06647107,FALSE,FALSE
0.123272911,TRUE,FALSE
0.065413833,FALSE,FALSE
0.065570585,FALSE,FALSE
0.000520518,FALSE,FALSE
0.126121491,FALSE,FALSE
0.069538675,FALSE,FALSE
0.069095634,FALSE,FALSE
0.046718933,TRUE,FALSE
0.011092161,FALSE,FALSE
0.103476666,FALSE,FALSE
0.096810021,FALSE,FALSE
0.001415683,FALSE,FALSE
0.127477288,TRUE,FALSE
0.091688648,FALSE,FALSE
0.000871675,FALSE,FALSE
0.000863781,FALSE,FALSE
0.001435102,FALSE,FALSE
0.054447919,FALSE,FALSE
0.110102795,TRUE,FALSE
0.097657904,TRUE,FALSE
0.029794985,FALSE,FALSE
0.092351079,FALSE,FALSE
0.024909785,FALSE,FALSE
0.07872846,FALSE,FALSE
0.080170438,FALSE,FALSE
0.022866983,FALSE,FALSE
0.107376911,TRUE,FALSE
0.081855215,TRUE,FALSE
0.136219606,TRUE,FALSE
0.108160064,TRUE,FALSE
0.110792078,TRUE,FALSE
0.131537274,TRUE,FALSE
0.105127923,TRUE,FALSE
0.082922235,TRUE,FALSE
0.023873473,FALSE,FALSE
0.148389682,TRUE,FALSE
0.068786241,FALSE,FALSE
0.086501151,TRUE,FALSE
0.08507733,FALSE,FALSE
0.044437025,TRUE,FALSE
0.044223253,TRUE,FALSE
0.043739349,TRUE,FALSE
0.058982518,FALSE,FALSE
0.13116841,TRUE,FALSE
0.076535821,TRUE,FALSE
0.053579085,TRUE,FALSE
0.097295575,TRUE,FALSE
0.083992593,TRUE,FALSE
0.195962504,TRUE,FALSE
0.11548797,TRUE,FALSE
0.097472027,TRUE,FALSE
0.004560761,FALSE,FALSE
0.120248109,TRUE,FALSE
0.080512948,FALSE,FALSE
0.00444198,FALSE,FALSE
0.16103667,TRUE,FALSE
0.006916757,FALSE,FALSE
0.083944798,TRUE,FALSE
0.108678006,TRUE,FALSE
0.000637107,FALSE,FALSE
0.078434519,TRUE,FALSE
0.000605156,FALSE,FALSE
0.103461355,TRUE,FALSE
0.102316298,FALSE,FALSE
0.00119401,FALSE,FALSE
0.098577052,TRUE,FALSE
0.088990495,TRUE,FALSE
0.022220694,FALSE,FALSE
0.074925572,TRUE,FALSE
0.035498295,FALSE,FALSE
0.017248023,FALSE,FALSE
0.086574778,TRUE,FALSE
0.060347501,TRUE,FALSE
0.084781043,TRUE,FALSE
0.084079377,TRUE,FALSE
0.063888825,TRUE,FALSE
0.015113161,FALSE,FALSE
0.05573209,TRUE,FALSE
0.059948076,TRUE,FALSE
0.114357606,FALSE,FALSE
0.100349911,TRUE,FALSE
0.085649945,TRUE,FALSE
0.043403368,FALSE,FALSE
0.07280349,TRUE,FALSE
0.012736152,FALSE,FALSE
0.072560109,FALSE,FALSE
0.081931293,TRUE,FALSE
0.070242189,TRUE,FALSE
0.069986999,TRUE,FALSE
0.069659524,TRUE,FALSE
0.069403492,TRUE,FALSE
0.038735382,FALSE,FALSE
0.042964991,TRUE,FALSE
0.044264574,TRUE,FALSE
0.082381181,TRUE,FALSE
0.074452341,FALSE,FALSE
0.040248353,FALSE,FALSE
0.080655381,TRUE,FALSE
0.080356538,FALSE,FALSE
0.069186464,FALSE,FALSE
0.058821369,TRUE,FALSE
0.031707384,FALSE,FALSE
0.076496422,TRUE,FALSE
0.088409416,TRUE,FALSE
0.089805901,TRUE,FALSE
0.075606026,TRUE,FALSE
0.108431645,TRUE,FALSE
0.07410688,TRUE,FALSE
0.046315886,FALSE,FALSE
0.080197155,TRUE,FALSE
0.030841654,FALSE,FALSE
0.060271014,TRUE,FALSE
0.086335979,TRUE,FALSE
0.015804475,FALSE,FALSE
0.08551918,TRUE,FALSE
0.077180006,TRUE,FALSE
0.028535577,FALSE,FALSE
0.007175659,FALSE,FALSE
0.117889032,TRUE,FALSE
0.058449816,FALSE,FALSE
0.066399679,FALSE,FALSE
0.014066428,FALSE,FALSE
0.027608989,FALSE,FALSE
0.033078987,FALSE,FALSE
0.019790066,FALSE,FALSE
0.049154013,TRUE,FALSE
0.043005787,FALSE,FALSE
0.089850277,TRUE,FALSE
0.055096947,FALSE,FALSE
0.015963988,FALSE,FALSE
0.006893015,FALSE,FALSE
0.054697677,FALSE,FALSE
0.066173218,TRUE,FALSE
0.078273229,TRUE,FALSE
0.078363128,TRUE,FALSE
0.066938311,TRUE,FALSE
0.020667072,FALSE,FALSE
0.091656402,TRUE,FALSE
0.098603837,TRUE,FALSE
0.158203244,TRUE,FALSE
0.016018758,FALSE,FALSE
0.023260992,FALSE,FALSE
0.04245929,FALSE,FALSE
0.055017333,FALSE,FALSE
0.015473829,FALSE,FALSE
0.069230333,TRUE,FALSE
0.045879077,FALSE,FALSE
0.045828644,FALSE,FALSE
0.065642573,TRUE,FALSE
0.054020636,TRUE,FALSE
0.047522258,TRUE,FALSE
0.064813912,FALSE,FALSE
0.063735664,TRUE,FALSE
0.078165226,FALSE,FALSE
0.063415751,TRUE,FALSE
0.087801486,TRUE,FALSE
0.040326975,FALSE,FALSE
0.034074955,FALSE,FALSE
0.075551815,TRUE,FALSE
0.029652994,FALSE,FALSE
0.007958237,FALSE,FALSE
0.097810052,TRUE,FALSE
0.03557317,FALSE,FALSE
0.010808018,FALSE,FALSE
0.052995242,TRUE,FALSE
0.053898677,TRUE,FALSE
0.057235815,FALSE,FALSE
0.061647654,TRUE,FALSE
0.061551902,TRUE,FALSE
0.111712024,TRUE,FALSE
0.076792315,FALSE,FALSE
0.061158828,TRUE,FALSE
0.082667068,TRUE,FALSE
0.065027133,TRUE,FALSE
0.072775915,TRUE,FALSE
0.091876194,TRUE,FALSE
0.168718353,TRUE,FALSE
0.067253977,TRUE,FALSE
0.067393653,TRUE,FALSE
0.051003814,FALSE,FALSE
0.004569883,FALSE,FALSE
0.086966917,TRUE,FALSE
0.021513514,FALSE,FALSE
0.145219609,TRUE,FALSE
0.092719384,TRUE,FALSE
0.089302108,FALSE,FALSE
0.078184456,FALSE,FALSE
0.13792491,TRUE,FALSE
0.049855921,TRUE,FALSE
0.050064351,TRUE,FALSE
0.04808002,FALSE,FALSE
0.112543508,TRUE,FALSE
0.003089561,FALSE,FALSE
0.010431927,FALSE,FALSE
0.113408864,FALSE,FALSE
0.011385673,FALSE,FALSE
0.033705506,FALSE,FALSE
0.0036487,FALSE,FALSE
0.094621383,TRUE,FALSE
0.001316576,FALSE,FALSE
0.125135645,TRUE,FALSE
0.001401059,FALSE,FALSE
0.097744919,TRUE,FALSE
0.090315834,TRUE,FALSE
0.069695987,FALSE,FALSE
0.001100277,FALSE,FALSE
0.093919776,FALSE,FALSE
0.054535814,TRUE,FALSE
0.074099906,TRUE,FALSE
0.147857472,TRUE,FALSE
0.047044091,FALSE,FALSE
0.052844614,FALSE,FALSE
0.077203661,TRUE,FALSE
0.088809624,TRUE,FALSE
0.02659837,FALSE,FALSE
0.090530053,TRUE,FALSE
0.133556619,TRUE,FALSE
0.080541134,FALSE,FALSE
0.000631115,FALSE,FALSE
0.000630857,FALSE,FALSE
0.077777408,FALSE,FALSE
0.075028889,FALSE,FALSE
0.00444478,FALSE,FALSE
0.121444583,FALSE,FALSE
0.021540349,FALSE,FALSE
0.150352344,TRUE,FALSE
0.098885022,TRUE,FALSE
0.132260829,FALSE,FALSE
0.006074955,FALSE,FALSE
0.06557738,FALSE,FALSE
0.091225483,FALSE,FALSE
0.096347637,TRUE,FALSE
0.152627006,TRUE,FALSE
0.00135337,FALSE,FALSE
0.092733964,TRUE,FALSE
0.09587542,TRUE,FALSE
0.087532409,TRUE,FALSE
0.004023707,FALSE,FALSE
0.029114189,FALSE,FALSE
0.00356738,FALSE,FALSE
0.034072977,FALSE,FALSE
0.000913204,FALSE,FALSE
0.101018593,TRUE,FALSE
0.048583884,FALSE,FALSE
0.015900608,FALSE,FALSE
0.14836137,TRUE,FALSE
0.125099376,TRUE,FALSE
0.189018771,FALSE,FALSE
0.001615447,FALSE,FALSE
0.001606096,FALSE,FALSE
0.025036769,FALSE,FALSE
0.078673579,FALSE,FALSE
0.153512746,TRUE,FALSE
0.05641517,TRUE,FALSE
0.095040284,TRUE,FALSE
0.056695115,TRUE,FALSE
0.056202713,TRUE,FALSE
0.034825899,FALSE,FALSE
0.115394086,TRUE,FALSE
0.143210381,TRUE,FALSE
0.002843405,FALSE,FALSE
0.089434087,TRUE,FALSE
0.1439991,TRUE,FALSE
0.001232792,FALSE,FALSE
0.085887074,TRUE,FALSE
0.118921429,TRUE,FALSE
0.179767087,TRUE,FALSE
0.002798488,FALSE,FALSE
0.113702342,TRUE,FALSE
0.11909356,TRUE,FALSE
0.016139884,FALSE,FALSE
0.12886627,TRUE,FALSE
0.109484367,TRUE,FALSE
0.061961807,TRUE,FALSE
0.001270095,FALSE,FALSE
0.10632357,TRUE,FALSE
0.048009057,TRUE,FALSE
0.047824405,TRUE,FALSE
0.093789987,TRUE,FALSE
0.081367277,TRUE,FALSE
0.083381295,TRUE,FALSE
0.080427997,TRUE,FALSE
0.003680763,TRUE,FALSE
0.11369542,TRUE,FALSE
0.001693884,FALSE,FALSE
0.066085733,TRUE,FALSE
0.043159164,FALSE,FALSE
0.005308845,FALSE,FALSE
0.00777708,FALSE,FALSE
0.001707266,FALSE,FALSE
0.115755454,TRUE,FALSE
0.118714042,TRUE,FALSE
0.116094962,TRUE,FALSE
0.089939401,TRUE,FALSE
0.00191521,FALSE,FALSE
0.066648699,TRUE,FALSE
0.084222242,TRUE,FALSE
0.082447208,FALSE,FALSE
0.116359949,TRUE,FALSE
0.127363399,TRUE,FALSE
0.105539404,FALSE,FALSE
0.001996667,FALSE,FALSE
0.001543156,FALSE,FALSE
0.044705343,FALSE,FALSE